name,psnr,ssim
ESY0359993__X04__Y06.jpg,35.91579293325728,0.9703801926101472
ESY0359993__X04__Y08.jpg,35.762427236036174,0.9701846304622546
ESY0359993__X04__Y0C.jpg,27.206680377414116,0.9343944301982221
ESY0359993__X04__Y14.jpg,33.46440202677052,0.9596429460460256
ESY0359993__X04__Y1C.jpg,33.95015369827756,0.9662663842679855
ESY0359993__X04__Y1E.jpg,24.829801470219298,0.9244295760547925
ESY0359993__X04__Y20.jpg,34.62686605566799,0.9642654996686257
ESY0359993__X04__Y22.jpg,21.887099257608384,0.9055472687187954
ESY0359993__X04__Y24.jpg,22.4184975485363,0.9350094605919681
ESY0359993__X04__Y26.jpg,32.477081041180455,0.9621274933082855
ESY0359993__X04__Y28.jpg,31.84399786795194,0.9511884417134737
ESY0359993__X04__Y2A.jpg,32.38431056807978,0.9621516523993459
ESY0359993__X04__Y2C.jpg,34.61771176346743,0.9678556852062951
ESY0359993__X04__Y2E.jpg,33.84471967188398,0.9653561110669318
ESY0359993__X04__Y30.jpg,34.165195186424754,0.9549820587387619
ESY0359993__X04__Y32.jpg,33.157128405799256,0.9700686826421869
ESY0359993__X04__Y36.jpg,32.7232363059892,0.9685376430594759
ESY0359993__X04__Y38.jpg,33.291780810530305,0.915494614927348
ESY0359993__X04__Y3A.jpg,33.370784484691065,0.9666917177702851
ESY0359993__X06__Y06.jpg,38.644760931259526,0.9715237655844516
ESY0359993__X06__Y08.jpg,35.70102999048048,0.9673322618138754
ESY0359993__X06__Y0C.jpg,36.98991253868661,0.9712192484037897
ESY0359993__X06__Y0E.jpg,35.23966513079499,0.9661080616517541
ESY0359993__X06__Y10.jpg,34.421610808283646,0.9576803764523116
ESY0359993__X06__Y12.jpg,30.95631849181001,0.9636947030203552
ESY0359993__X06__Y14.jpg,32.92455390968151,0.9599822906137128
ESY0359993__X06__Y16.jpg,31.23408503739585,0.9568238274971115
ESY0359993__X06__Y18.jpg,18.705958361229897,0.868896218323461
ESY0359993__X06__Y1A.jpg,33.81716852372883,0.9598377703517612
ESY0359993__X06__Y1C.jpg,21.8044879755891,0.8766320396684756
ESY0359993__X06__Y1E.jpg,24.708269746390364,0.9133056469964753
ESY0359993__X06__Y20.jpg,28.044963747361837,0.9513848038076309
ESY0359993__X06__Y22.jpg,19.991037841904824,0.8238174358549352
ESY0359993__X06__Y24.jpg,26.03126590584749,0.9320380813127844
ESY0359993__X06__Y26.jpg,24.171369281878555,0.8952959774680225
ESY0359993__X06__Y28.jpg,27.028079649576433,0.9521855800987337
ESY0359993__X06__Y2A.jpg,22.58320262892962,0.8676733199421057
ESY0359993__X06__Y2C.jpg,25.5889314938285,0.9028842653902523
ESY0359993__X06__Y2E.jpg,21.465161486491894,0.9141563195246222
ESY0359993__X06__Y30.jpg,31.7988953011428,0.9585377197592299
ESY0359993__X06__Y32.jpg,28.050277425263033,0.9537241275491104
ESY0359993__X06__Y36.jpg,32.70346058911954,0.9613949211391172
ESY0359993__X06__Y38.jpg,32.14430069055767,0.9431631560906834
ESY0359993__X06__Y3A.jpg,32.072732413551236,0.9688843592639056
ESY0359993__X06__Y3C.jpg,31.856331003716278,0.9616235312939191
ESY0359993__X06__Y3E.jpg,32.008080527558775,0.9645672977202147
ESY0359993__X06__Y40.jpg,26.54649515062146,0.9448626179932522
ESY0359993__X06__Y42.jpg,33.22606434854167,0.9683137608853325
ESY0359993__X06__Y46.jpg,33.94292020498534,0.9650902815248529
ESY0359993__X08__Y0E.jpg,34.0642203467377,0.9675567887375317
ESY0359993__X08__Y10.jpg,34.36792328715849,0.9576837009553568
ESY0359993__X08__Y12.jpg,33.92421856687861,0.9591475235711783
ESY0359993__X08__Y14.jpg,24.77655210291899,0.9414255178515393
ESY0359993__X08__Y16.jpg,31.13042859330283,0.9452665761432004
ESY0359993__X08__Y18.jpg,30.070980367064774,0.9551152950206143
ESY0359993__X08__Y1A.jpg,23.38751076335745,0.8805627401683783
ESY0359993__X08__Y1C.jpg,25.8726008434312,0.9396549250787928
ESY0359993__X08__Y1E.jpg,24.956460595814725,0.9056759260974416
ESY0359993__X08__Y20.jpg,23.87618302244453,0.879418197402288
ESY0359993__X08__Y22.jpg,24.00869006535251,0.863453916035257
ESY0359993__X08__Y24.jpg,21.221999951215402,0.9001688924131893
ESY0359993__X08__Y26.jpg,22.74623584587617,0.8444672238922367
ESY0359993__X08__Y28.jpg,25.69958038407018,0.9233271971822405
ESY0359993__X08__Y2A.jpg,29.752284982313242,0.9559691287444017
ESY0359993__X08__Y2C.jpg,28.330217260321437,0.9311103049865433
ESY0359993__X08__Y2E.jpg,22.574290334586177,0.9020732764081987
ESY0359993__X08__Y30.jpg,30.201512327966103,0.9620155300601895
ESY0359993__X08__Y32.jpg,23.294943442857885,0.9122782888723873
ESY0359993__X08__Y34.jpg,26.444772194375652,0.9271781648720197
ESY0359993__X08__Y36.jpg,28.89604958864971,0.949898310582807
ESY0359993__X08__Y38.jpg,33.046910261966865,0.9718386400529789
ESY0359993__X08__Y3A.jpg,30.85718692505519,0.9526104411619735
ESY0359993__X08__Y3C.jpg,32.25008655091798,0.9647531551872802
ESY0359993__X08__Y42.jpg,32.72646298869473,0.9694751905993328
ESY0359993__X0A__Y0A.jpg,34.39153485550301,0.9694525057575761
ESY0359993__X0A__Y0C.jpg,33.50028657865769,0.9613477179829806
ESY0359993__X0A__Y0E.jpg,33.63739989142499,0.9681207336783666
ESY0359993__X0A__Y12.jpg,34.36456428177706,0.953243976662277
ESY0359993__X0A__Y14.jpg,34.00355141165493,0.9615152384076975
ESY0359993__X0A__Y16.jpg,22.849803954696313,0.8889107115515638
ESY0359993__X0A__Y18.jpg,22.933523100032062,0.8752877467533743
ESY0359993__X0A__Y1A.jpg,24.659537747619314,0.9016218901483793
ESY0359993__X0A__Y1C.jpg,19.87707756343481,0.8663093997155175
ESY0359993__X0A__Y1E.jpg,22.442655001675064,0.8807987948197399
ESY0359993__X0A__Y20.jpg,23.940525024691443,0.8860813757964308
ESY0359993__X0A__Y22.jpg,22.686828241151385,0.8526115369366354
ESY0359993__X0A__Y24.jpg,24.29232695534534,0.9301136268426281
ESY0359993__X0A__Y26.jpg,25.433327160577758,0.924514722760113
ESY0359993__X0A__Y28.jpg,21.041677041666823,0.84513643035907
ESY0359993__X0A__Y2A.jpg,23.894077229054993,0.9153995953323195
ESY0359993__X0A__Y2C.jpg,28.24694326487847,0.9555013535560957
ESY0359993__X0A__Y2E.jpg,24.76355144071144,0.9356351674199789
ESY0359993__X0A__Y30.jpg,26.30001706458089,0.9065332183352844
ESY0359993__X0A__Y32.jpg,22.593893172984778,0.8590535232318959
ESY0359993__X0A__Y34.jpg,20.34702195852251,0.917365959200978
ESY0359993__X0A__Y36.jpg,30.40896418728698,0.9622747723400605
ESY0359993__X0A__Y38.jpg,26.02082597628531,0.8928340519518356
ESY0359993__X0A__Y3A.jpg,24.349913418988656,0.919583489150759
ESY0359993__X0A__Y3C.jpg,32.66748356711097,0.9721513034388404
ESY0359993__X0A__Y3E.jpg,32.30243001363207,0.9517078410734592
ESY0359993__X0A__Y40.jpg,29.252909768144463,0.9648759696048438
ESY0359993__X0C__Y0A.jpg,34.64693471578599,0.9693170104936747
ESY0359993__X0C__Y0E.jpg,34.16719754795467,0.9666136736978488
ESY0359993__X0C__Y10.jpg,29.090575125643696,0.9606847531277799
ESY0359993__X0C__Y12.jpg,27.086190609664772,0.9255259252824835
ESY0359993__X0C__Y14.jpg,20.35229659660019,0.8549791013936788
ESY0359993__X0C__Y16.jpg,21.23074504553807,0.8758247517251123
ESY0359993__X0C__Y18.jpg,25.064698857004654,0.9247402281129427
ESY0359993__X0C__Y1A.jpg,20.801873454348097,0.8160847131426037
ESY0359993__X0C__Y1C.jpg,21.05937104658423,0.8351479063191593
ESY0359993__X0C__Y1E.jpg,21.48854864186699,0.7830784353881873
ESY0359993__X0C__Y20.jpg,20.09014326588579,0.8105619106311173
ESY0359993__X0C__Y22.jpg,23.547791462986382,0.8826889866100837
ESY0359993__X0C__Y24.jpg,24.145948425670028,0.8449149381398569
ESY0359993__X0C__Y26.jpg,24.61189854248027,0.87570667519514
ESY0359993__X0C__Y28.jpg,23.268106415834833,0.8578452509067139
ESY0359993__X0C__Y2A.jpg,22.62169683821695,0.8455820629667762
ESY0359993__X0C__Y2C.jpg,22.56401767183959,0.8886902692114047
ESY0359993__X0C__Y2E.jpg,22.192929111968173,0.8795577432803391
ESY0359993__X0C__Y30.jpg,24.696108690659933,0.9053527003292688
ESY0359993__X0C__Y32.jpg,26.457394506884235,0.9304181741477474
ESY0359993__X0C__Y34.jpg,27.908157456055882,0.9432882584441162
ESY0359993__X0C__Y36.jpg,25.50050878271071,0.9145280989626335
ESY0359993__X0C__Y38.jpg,24.905673513539437,0.9418857393333938
ESY0359993__X0C__Y3A.jpg,30.5103137366746,0.9446482414352223
ESY0359993__X0C__Y3C.jpg,31.76074013391709,0.9665699586005937
ESY0359993__X0C__Y3E.jpg,31.241878281772063,0.967125405038343
ESY0359993__X0C__Y40.jpg,32.24615301167019,0.9523276644340146
ESY0359993__X0C__Y42.jpg,32.38541709889344,0.9552096883380253
ESY0359993__X0E__Y0A.jpg,34.21537070811104,0.9684453188266725
ESY0359993__X0E__Y0C.jpg,30.182362192304044,0.9591429680855252
ESY0359993__X0E__Y10.jpg,33.1652943603753,0.955972290896469
ESY0359993__X0E__Y12.jpg,23.49067029063821,0.8701677817346902
ESY0359993__X0E__Y14.jpg,20.978229301219514,0.8114727006215803
ESY0359993__X0E__Y16.jpg,21.24006015482809,0.8576434386166504
ESY0359993__X0E__Y18.jpg,23.193561264811283,0.9004832436974493
ESY0359993__X0E__Y1A.jpg,19.42922277645376,0.8002181423931586
ESY0359993__X0E__Y1C.jpg,18.896896080450357,0.7673343536106171
ESY0359993__X0E__Y1E.jpg,21.162703000565593,0.8604905813803153
ESY0359993__X0E__Y20.jpg,28.66545279897413,0.9381262744490296
ESY0359993__X0E__Y22.jpg,25.763267347373244,0.9216313397061398
ESY0359993__X0E__Y24.jpg,24.91097124185197,0.8700134306773181
ESY0359993__X0E__Y26.jpg,22.311462619913126,0.8127455559362567
ESY0359993__X0E__Y28.jpg,21.561574686601055,0.7699784061934115
ESY0359993__X0E__Y2A.jpg,20.307666303161866,0.7568833167928063
ESY0359993__X0E__Y2C.jpg,19.97335587550575,0.8068050522665478
ESY0359993__X0E__Y2E.jpg,26.138079804421338,0.9338461871089351
ESY0359993__X0E__Y30.jpg,19.63297932924799,0.8219015689036698
ESY0359993__X0E__Y32.jpg,20.458001060825914,0.8715676414881764
ESY0359993__X0E__Y34.jpg,20.228815004731587,0.8506848529641653
ESY0359993__X0E__Y36.jpg,21.442942935994417,0.8256736336359131
ESY0359993__X0E__Y38.jpg,23.634313338114747,0.8558202002862006
ESY0359993__X0E__Y3A.jpg,23.47222340436911,0.9271102826440132
ESY0359993__X0E__Y3C.jpg,24.80012596532425,0.9134376412845486
ESY0359993__X0E__Y3E.jpg,32.076751204815814,0.9580166952162976
ESY0359993__X0E__Y40.jpg,26.27213710047254,0.9534805661565277
ESY0359993__X0E__Y42.jpg,32.087725848423425,0.9462780539792212
ESY0359993__X0E__Y46.jpg,32.48741639655552,0.9625601298260403
ESY0359993__X10__Y0A.jpg,33.078475035860805,0.9669375026682573
ESY0359993__X10__Y0C.jpg,24.72785501561202,0.9392708752454659
ESY0359993__X10__Y0E.jpg,33.79899325621035,0.9677365966861785
ESY0359993__X10__Y10.jpg,22.231886748620493,0.8665350776427856
ESY0359993__X10__Y12.jpg,19.95254719985502,0.7546688745510299
ESY0359993__X10__Y14.jpg,21.95804734665979,0.8215790273614486
ESY0359993__X10__Y16.jpg,18.341902859646297,0.7861535281598279
ESY0359993__X10__Y18.jpg,21.02038834141609,0.8342575634055965
ESY0359993__X10__Y1A.jpg,20.52370253766521,0.8172050203892087
ESY0359993__X10__Y1C.jpg,20.962595547011208,0.83591009454027
ESY0359993__X10__Y1E.jpg,19.185035587860266,0.7539113045884184
ESY0359993__X10__Y20.jpg,22.68879401909142,0.857919070548454
ESY0359993__X10__Y22.jpg,21.876874001483987,0.8473241600961846
ESY0359993__X10__Y24.jpg,22.77425328816844,0.882218365031241
ESY0359993__X10__Y26.jpg,19.440876016114682,0.8241348649050018
ESY0359993__X10__Y28.jpg,21.839477189199297,0.8499787086618316
ESY0359993__X10__Y2A.jpg,20.666081307886376,0.8393717949525064
ESY0359993__X10__Y2C.jpg,21.45435918231897,0.8282350459582005
ESY0359993__X10__Y2E.jpg,19.387912309661935,0.7209968192059849
ESY0359993__X10__Y30.jpg,18.920709179886114,0.813634169149511
ESY0359993__X10__Y32.jpg,22.650033727014605,0.8634698756682365
ESY0359993__X10__Y34.jpg,25.517449451794562,0.9381815569030788
ESY0359993__X10__Y36.jpg,22.44922212860797,0.8771851681463623
ESY0359993__X10__Y38.jpg,21.467095979362618,0.8100266734396718
ESY0359993__X10__Y3A.jpg,27.12638651329968,0.9499980745914708
ESY0359993__X10__Y3C.jpg,25.580643866784577,0.9159399471453626
ESY0359993__X10__Y3E.jpg,28.82077170446781,0.9246549952530012
ESY0359993__X10__Y40.jpg,24.125503882748095,0.9423530955930425
ESY0359993__X10__Y42.jpg,32.54888148400401,0.9678696400048422
ESY0359993__X12__Y06.jpg,35.10812634539189,0.9625513324971076
ESY0359993__X12__Y0C.jpg,33.257794287763154,0.9687486235098108
ESY0359993__X12__Y0E.jpg,20.503113660795442,0.7958809254007929
ESY0359993__X12__Y10.jpg,17.257411053883853,0.6495644623373833
ESY0359993__X12__Y12.jpg,21.04018500662224,0.803673010792371
ESY0359993__X12__Y14.jpg,17.57881568775028,0.680394777959798
ESY0359993__X12__Y16.jpg,18.114118278364366,0.7856143533022052
ESY0359993__X12__Y18.jpg,19.2528626647697,0.7936056741951717
ESY0359993__X12__Y1A.jpg,21.91697387006564,0.8771247151927242
ESY0359993__X12__Y1C.jpg,18.420282979972665,0.8116835779682383
ESY0359993__X12__Y1E.jpg,16.751098053044437,0.6169881374442372
ESY0359993__X12__Y20.jpg,21.593800680706636,0.8850777496185737
ESY0359993__X12__Y22.jpg,18.195503233755975,0.7136430778665496
ESY0359993__X12__Y24.jpg,22.074382303312174,0.8610290182712842
ESY0359993__X12__Y26.jpg,21.356269000503243,0.8317407245175954
ESY0359993__X12__Y28.jpg,20.392664656581122,0.819753099094987
ESY0359993__X12__Y2A.jpg,21.105279167056356,0.8520608029457205
ESY0359993__X12__Y2C.jpg,19.408620140428688,0.7462990067668821
ESY0359993__X12__Y2E.jpg,19.52959004971363,0.8426596727938904
ESY0359993__X12__Y30.jpg,20.33312063194739,0.81210243058205
ESY0359993__X12__Y32.jpg,21.06670783713065,0.8388117379367784
ESY0359993__X12__Y34.jpg,21.28676876215107,0.8798559237137178
ESY0359993__X12__Y36.jpg,23.76627190299107,0.8972025818206462
ESY0359993__X12__Y38.jpg,20.977242467879996,0.7471395118287825
ESY0359993__X12__Y3A.jpg,22.310084991293277,0.9081829490184558
ESY0359993__X12__Y3C.jpg,25.10231073084281,0.9395981925722136
ESY0359993__X12__Y3E.jpg,19.173190520159096,0.771570754003535
ESY0359993__X12__Y40.jpg,25.539885459121606,0.9451924517505081
ESY0359993__X12__Y46.jpg,32.937661517298594,0.9684710573000155
ESY0359993__X14__Y08.jpg,32.97284276305906,0.9679900770554578
ESY0359993__X14__Y0A.jpg,33.24712500098905,0.9649483125132493
ESY0359993__X14__Y0C.jpg,22.394728035948948,0.9030799802806679
ESY0359993__X14__Y0E.jpg,18.66026187978315,0.7469953540858444
ESY0359993__X14__Y10.jpg,19.815672382586488,0.8292569831322102
ESY0359993__X14__Y12.jpg,18.43750854768605,0.7347752970425951
ESY0359993__X14__Y14.jpg,22.520117225912877,0.8312344028596507
ESY0359993__X14__Y16.jpg,19.695577059803895,0.8165452451493419
ESY0359993__X14__Y18.jpg,18.945048722444042,0.734331754552275
ESY0359993__X14__Y1A.jpg,18.8902965726492,0.8144471867629666
ESY0359993__X14__Y1C.jpg,19.320121561903125,0.7791422275913472
ESY0359993__X14__Y1E.jpg,20.73612912301385,0.7436616275363525
ESY0359993__X14__Y20.jpg,22.42232757060146,0.8601458235239678
ESY0359993__X14__Y22.jpg,19.751561487177238,0.7671510719355279
ESY0359993__X14__Y24.jpg,20.768711516381785,0.8145230613592906
ESY0359993__X14__Y26.jpg,20.02236796467767,0.826712294021379
ESY0359993__X14__Y28.jpg,19.365505116751144,0.7337710162827903
ESY0359993__X14__Y2A.jpg,20.175733517316353,0.7447848679652572
ESY0359993__X14__Y2C.jpg,23.850339775784338,0.8697573630944359
ESY0359993__X14__Y2E.jpg,20.646039812785236,0.7875601184350327
ESY0359993__X14__Y30.jpg,19.020501425632656,0.721155107801826
ESY0359993__X14__Y32.jpg,19.982685018236943,0.7884814184846292
ESY0359993__X14__Y34.jpg,22.280928710629368,0.8830196179562899
ESY0359993__X14__Y36.jpg,21.141213883743227,0.848984892455882
ESY0359993__X14__Y38.jpg,23.029303549610045,0.846025067710198
ESY0359993__X14__Y3A.jpg,20.90916441049384,0.8780705082792528
ESY0359993__X14__Y3C.jpg,24.96359544604627,0.9195513648382787
ESY0359993__X14__Y3E.jpg,22.445016630742565,0.9002572403174042
ESY0359993__X14__Y40.jpg,26.29157964731605,0.9497427854899935
ESY0359993__X14__Y42.jpg,33.141606820730615,0.9699487502956842
ESY0359993__X14__Y46.jpg,33.533377071743416,0.9711187089660478
ESY0359993__X16__Y08.jpg,28.209472068726193,0.9486154626848128
ESY0359993__X16__Y0A.jpg,34.22592955608874,0.9632456292376591
ESY0359993__X16__Y0C.jpg,21.527137796307517,0.861907434498837
ESY0359993__X16__Y0E.jpg,23.356468376185507,0.9002684872322533
ESY0359993__X16__Y10.jpg,18.336356985676453,0.7497288666212294
ESY0359993__X16__Y12.jpg,21.5538210818533,0.8602882512425645
ESY0359993__X16__Y14.jpg,19.26631778751803,0.7491838684418648
ESY0359993__X16__Y16.jpg,17.37024198093007,0.6495471732060012
ESY0359993__X16__Y18.jpg,21.340678972144804,0.8730106986436702
ESY0359993__X16__Y1A.jpg,20.341377406356056,0.7877739733063462
ESY0359993__X16__Y1C.jpg,19.7395907947723,0.7627546759739712
ESY0359993__X16__Y1E.jpg,20.85770203626221,0.8379806672708288
ESY0359993__X16__Y20.jpg,17.731310064219883,0.7487508389525865
ESY0359993__X16__Y22.jpg,18.48141560598875,0.7188662828165986
ESY0359993__X16__Y24.jpg,21.19160054881089,0.8042114266451045
ESY0359993__X16__Y26.jpg,17.717540778866073,0.6417914371419807
ESY0359993__X16__Y28.jpg,19.677461131681923,0.7843469087704774
ESY0359993__X16__Y2A.jpg,24.362181300305483,0.8462522409038145
ESY0359993__X16__Y2C.jpg,17.666807666001098,0.65617768945599
ESY0359993__X16__Y2E.jpg,22.228898021702737,0.8556061896750626
ESY0359993__X16__Y30.jpg,22.004852462038798,0.8571615585765936
ESY0359993__X16__Y32.jpg,23.28196690848189,0.882256547557268
ESY0359993__X16__Y34.jpg,18.725336022818816,0.7198596196423382
ESY0359993__X16__Y36.jpg,22.252370432477342,0.8323448997066016
ESY0359993__X16__Y38.jpg,22.364342302709673,0.8191522735718443
ESY0359993__X16__Y3A.jpg,23.86678102350727,0.8338572043049978
ESY0359993__X16__Y3C.jpg,24.652548239849207,0.9313685260787532
ESY0359993__X16__Y3E.jpg,19.446859279376632,0.8207973828563389
ESY0359993__X16__Y40.jpg,22.386835275025327,0.9336663629371215
ESY0359993__X16__Y42.jpg,31.002574967061605,0.9639476346782491
ESY0359993__X16__Y44.jpg,32.074128223466516,0.9696209432817573
ESY0359993__X16__Y46.jpg,32.98611843280631,0.9691793079149831
ESY0359993__X18__Y06.jpg,34.406168512986156,0.9652521035837357
ESY0359993__X18__Y08.jpg,33.79048041901207,0.9649093588276665
ESY0359993__X18__Y0A.jpg,34.22715904389161,0.9654523857588638
ESY0359993__X18__Y0C.jpg,27.154101654418533,0.9004136937013663
ESY0359993__X18__Y0E.jpg,21.51422575711083,0.8068563956434409
ESY0359993__X18__Y10.jpg,19.59152874154952,0.8038555130108268
ESY0359993__X18__Y12.jpg,22.63226621313262,0.8418779827614518
ESY0359993__X18__Y14.jpg,23.68847386303566,0.8917139816424807
ESY0359993__X18__Y16.jpg,20.545920939304985,0.8295631016087693
ESY0359993__X18__Y18.jpg,20.370468159301037,0.7897764493010909
ESY0359993__X18__Y1A.jpg,17.98032039809349,0.7178109298493549
ESY0359993__X18__Y1C.jpg,20.464685756609654,0.7902529179164595
ESY0359993__X18__Y1E.jpg,20.18187763261977,0.7965140598423681
ESY0359993__X18__Y20.jpg,22.882693716405424,0.8795443278709358
ESY0359993__X18__Y22.jpg,21.081208714856963,0.8197856389750654
ESY0359993__X18__Y24.jpg,22.241197405016642,0.8693606257315355
ESY0359993__X18__Y26.jpg,22.42454713265625,0.8681083762711496
ESY0359993__X18__Y28.jpg,19.004792558880546,0.7299833238524258
ESY0359993__X18__Y2A.jpg,21.657539054424934,0.7775431912961788
ESY0359993__X18__Y2C.jpg,20.93169024762564,0.8563415529746944
ESY0359993__X18__Y2E.jpg,18.58845269835221,0.7579464773781333
ESY0359993__X18__Y30.jpg,16.746416203836862,0.7027617637758057
ESY0359993__X18__Y32.jpg,18.891775612499778,0.7475337185036572
ESY0359993__X18__Y34.jpg,22.795884360320002,0.8751131525136109
ESY0359993__X18__Y36.jpg,20.830212954731326,0.8130751714326232
ESY0359993__X18__Y38.jpg,21.86550302404993,0.7624491710417249
ESY0359993__X18__Y3A.jpg,20.047509419618503,0.8767356229216421
ESY0359993__X18__Y3C.jpg,24.485813048548522,0.9056615858994304
ESY0359993__X18__Y3E.jpg,27.862482699289245,0.9509749942827612
ESY0359993__X18__Y40.jpg,22.565634234497804,0.9240520008435622
ESY0359993__X18__Y42.jpg,27.855668547895863,0.9561146729922876
ESY0359993__X18__Y44.jpg,32.48912008349784,0.972804279321725
ESY0359993__X18__Y46.jpg,32.4071265505794,0.9667785281444722
ESY0359993__X1A__Y06.jpg,33.50058824481507,0.9393739391672372
ESY0359993__X1A__Y08.jpg,33.91229506052329,0.9650747315600657
ESY0359993__X1A__Y0A.jpg,23.15035472984139,0.9221959614428904
ESY0359993__X1A__Y0C.jpg,21.042595192656503,0.8646745862293442
ESY0359993__X1A__Y0E.jpg,22.011298001929738,0.7992714546770555
ESY0359993__X1A__Y10.jpg,20.05637119787298,0.7728648905595873
ESY0359993__X1A__Y12.jpg,22.767468461339444,0.883612456393334
ESY0359993__X1A__Y14.jpg,18.366650958906675,0.7572944365326575
ESY0359993__X1A__Y16.jpg,19.09240624816607,0.7054274811636185
ESY0359993__X1A__Y18.jpg,20.59262779328447,0.8439649685645645
ESY0359993__X1A__Y1A.jpg,20.022255026188414,0.8064959816820908
ESY0359993__X1A__Y1C.jpg,22.099552455972486,0.9083128262988852
ESY0359993__X1A__Y1E.jpg,20.53572249218639,0.786322789311186
ESY0359993__X1A__Y20.jpg,20.938583419599752,0.8469017057960827
ESY0359993__X1A__Y22.jpg,24.05979023485861,0.8858550993627932
ESY0359993__X1A__Y24.jpg,18.32250038190485,0.716497709573943
ESY0359993__X1A__Y26.jpg,20.91052884235342,0.7835428340234241
ESY0359993__X1A__Y28.jpg,20.230710245950366,0.8150250630517906
ESY0359993__X1A__Y2A.jpg,23.813493512638296,0.890469271660986
ESY0359993__X1A__Y2C.jpg,19.71250067047402,0.8489557920250477
ESY0359993__X1A__Y2E.jpg,20.800908356917137,0.8087806790363674
ESY0359993__X1A__Y30.jpg,20.39196435912908,0.7410042988132518
ESY0359993__X1A__Y32.jpg,21.51656924129159,0.7652852741163789
ESY0359993__X1A__Y34.jpg,19.248571785441023,0.7793301546931021
ESY0359993__X1A__Y36.jpg,20.08784633261394,0.7415629539237755
ESY0359993__X1A__Y38.jpg,18.235162483522842,0.7191311870596369
ESY0359993__X1A__Y3A.jpg,19.67356958062389,0.7744437564246822
ESY0359993__X1A__Y3C.jpg,20.793992636321338,0.8289903318690919
ESY0359993__X1A__Y3E.jpg,21.997313830330953,0.8241172290289004
ESY0359993__X1A__Y40.jpg,21.03053614643283,0.8244424700373078
ESY0359993__X1A__Y42.jpg,24.949715074834607,0.9475169204495304
ESY0359993__X1A__Y44.jpg,32.470477234482985,0.96429209412598
ESY0359993__X1C__Y06.jpg,33.04565513941061,0.9355392749914451
ESY0359993__X1C__Y08.jpg,26.573975469493625,0.9322312477608008
ESY0359993__X1C__Y0A.jpg,19.95741752637812,0.8281690853161519
ESY0359993__X1C__Y0C.jpg,23.70520952809614,0.9055581416157437
ESY0359993__X1C__Y0E.jpg,19.18884428859403,0.7618807250748288
ESY0359993__X1C__Y10.jpg,21.8234840677197,0.7607736731028111
ESY0359993__X1C__Y12.jpg,22.912816356327127,0.8694626389485693
ESY0359993__X1C__Y14.jpg,19.929744517148748,0.7972235650665691
ESY0359993__X1C__Y16.jpg,19.115322443876785,0.752771292246093
ESY0359993__X1C__Y18.jpg,21.015041171234298,0.8056276073633316
ESY0359993__X1C__Y1A.jpg,19.819681209787863,0.7643075295672254
ESY0359993__X1C__Y1C.jpg,19.79488716121789,0.8306776056847794
ESY0359993__X1C__Y1E.jpg,23.55658493961691,0.8971084410693971
ESY0359993__X1C__Y20.jpg,22.33874936466881,0.8808273344096096
ESY0359993__X1C__Y22.jpg,21.783698873219535,0.8367805951498147
ESY0359993__X1C__Y24.jpg,20.731775267989935,0.7841213649832984
ESY0359993__X1C__Y26.jpg,17.742884383498648,0.7420529937372664
ESY0359993__X1C__Y28.jpg,21.831511823104222,0.7864551798247759
ESY0359993__X1C__Y2A.jpg,21.29090637013951,0.8043974396056556
ESY0359993__X1C__Y2C.jpg,20.753258148235037,0.7763299085714497
ESY0359993__X1C__Y2E.jpg,19.86672417499157,0.7406922732229425
ESY0359993__X1C__Y30.jpg,23.55527730481686,0.886321034926977
ESY0359993__X1C__Y32.jpg,20.588111663801936,0.7901238767541473
ESY0359993__X1C__Y34.jpg,18.808435740544496,0.7275602402989125
ESY0359993__X1C__Y36.jpg,21.00993907820827,0.8240246357116188
ESY0359993__X1C__Y38.jpg,21.25444912910066,0.8349590829128416
ESY0359993__X1C__Y3A.jpg,25.211822634984,0.9153147873686651
ESY0359993__X1C__Y3C.jpg,22.069468944842235,0.8940854996233808
ESY0359993__X1C__Y3E.jpg,25.046571406667326,0.923503676838608
ESY0359993__X1C__Y40.jpg,23.776468293670238,0.9166217546624384
ESY0359993__X1C__Y42.jpg,26.61042879963651,0.9499109829209434
ESY0359993__X1C__Y44.jpg,29.443462725404647,0.9629525435014317
ESY0359993__X1E__Y06.jpg,33.530767109066794,0.9661141660685646
ESY0359993__X1E__Y08.jpg,33.72630805435562,0.9642376894892924
ESY0359993__X1E__Y0A.jpg,21.10928403489734,0.8329382632434147
ESY0359993__X1E__Y0C.jpg,24.71608113679464,0.8886285430934808
ESY0359993__X1E__Y0E.jpg,21.32715445735494,0.8512149893945317
ESY0359993__X1E__Y10.jpg,21.35027926735528,0.8064145940286396
ESY0359993__X1E__Y12.jpg,21.249221796707218,0.8241744363512696
ESY0359993__X1E__Y14.jpg,21.433039039098563,0.8264135267530668
ESY0359993__X1E__Y16.jpg,18.325418198800293,0.8178408606109274
ESY0359993__X1E__Y18.jpg,19.682692021357603,0.757499185009509
ESY0359993__X1E__Y1A.jpg,20.486724556615666,0.7934741165965021
ESY0359993__X1E__Y1C.jpg,21.664031692222125,0.8159246832183896
ESY0359993__X1E__Y1E.jpg,22.904726856649155,0.9015380980207746
ESY0359993__X1E__Y20.jpg,20.47975325421769,0.7753050527555182
ESY0359993__X1E__Y22.jpg,19.928968888345896,0.7432122431877103
ESY0359993__X1E__Y24.jpg,22.577117143195125,0.8884723627375464
ESY0359993__X1E__Y26.jpg,23.948858203285717,0.8662327552313795
ESY0359993__X1E__Y28.jpg,20.603000671411472,0.7541952907717118
ESY0359993__X1E__Y2A.jpg,20.04964326741806,0.7862622760083948
ESY0359993__X1E__Y2C.jpg,21.831851970306403,0.8068177535738893
ESY0359993__X1E__Y2E.jpg,22.07629892565082,0.8445441004899861
ESY0359993__X1E__Y30.jpg,20.387020393686374,0.8001791299567899
ESY0359993__X1E__Y32.jpg,17.83178734503529,0.7442651850352208
ESY0359993__X1E__Y34.jpg,25.07321999148813,0.8685362617994143
ESY0359993__X1E__Y36.jpg,21.03860665531624,0.8068585201889327
ESY0359993__X1E__Y38.jpg,21.084929518246227,0.8797777541223706
ESY0359993__X1E__Y3A.jpg,18.332391542997094,0.783502004539816
ESY0359993__X1E__Y3C.jpg,23.538688484561654,0.8833529328069286
ESY0359993__X1E__Y3E.jpg,24.659894647753077,0.9313561089921321
ESY0359993__X1E__Y40.jpg,20.242296855015628,0.7989683266947356
ESY0359993__X1E__Y42.jpg,24.24102640407404,0.9384591515190153
ESY0359993__X1E__Y44.jpg,24.86126491847014,0.9329159477747836
ESY0359993__X20__Y08.jpg,34.79008597608526,0.9654832264787134
ESY0359993__X20__Y0A.jpg,20.155662389672003,0.7224432890930637
ESY0359993__X20__Y0C.jpg,20.091821143326936,0.7960122149748958
ESY0359993__X20__Y0E.jpg,18.647319105125685,0.7391841639942703
ESY0359993__X20__Y10.jpg,17.848416671477572,0.7605694628372905
ESY0359993__X20__Y12.jpg,18.587904109840252,0.6839744450000561
ESY0359993__X20__Y14.jpg,17.179362025714273,0.6619019091519545
ESY0359993__X20__Y16.jpg,20.553871281961484,0.8240784125969665
ESY0359993__X20__Y18.jpg,19.091330059598942,0.7565756550974987
ESY0359993__X20__Y1A.jpg,17.92679035856457,0.7620681962283524
ESY0359993__X20__Y1C.jpg,18.742824057421107,0.6813753296443077
ESY0359993__X20__Y1E.jpg,19.501449188833355,0.7765557168267148
ESY0359993__X20__Y20.jpg,21.18156247065805,0.8480088361246735
ESY0359993__X20__Y22.jpg,24.180811318561858,0.8883887990197632
ESY0359993__X20__Y24.jpg,18.73040325645347,0.7700369022020676
ESY0359993__X20__Y26.jpg,24.055547932424354,0.8988614661459604
ESY0359993__X20__Y28.jpg,18.839347577510704,0.7628034051257431
ESY0359993__X20__Y2A.jpg,20.577798656964667,0.8312419556197098
ESY0359993__X20__Y2C.jpg,20.14697051722098,0.7690333237170138
ESY0359993__X20__Y2E.jpg,20.835726495181063,0.7950270462947896
ESY0359993__X20__Y30.jpg,20.544221194295694,0.74675115643383
ESY0359993__X20__Y32.jpg,21.176536952659447,0.8349878155365893
ESY0359993__X20__Y34.jpg,23.42617685700018,0.9094151046326253
ESY0359993__X20__Y36.jpg,17.629973335477416,0.6854642744210626
ESY0359993__X20__Y38.jpg,16.768624710221133,0.6097438056426964
ESY0359993__X20__Y3A.jpg,19.026209589139185,0.8140777892718072
ESY0359993__X20__Y3C.jpg,18.44752063136721,0.7614358338890738
ESY0359993__X20__Y3E.jpg,22.116177164567013,0.8641904849194241
ESY0359993__X20__Y40.jpg,19.773267229882528,0.7517928787208461
ESY0359993__X20__Y42.jpg,23.88949547470938,0.9329647516381028
ESY0359993__X20__Y44.jpg,28.622397835370776,0.9513603948414421
ESY0359993__X22__Y08.jpg,34.50043819305973,0.9678282752315012
ESY0359993__X22__Y0A.jpg,19.771745450314086,0.7940008967733713
ESY0359993__X22__Y0C.jpg,18.40137201685583,0.7489008799923026
ESY0359993__X22__Y0E.jpg,23.268489061651856,0.8922716402860376
ESY0359993__X22__Y10.jpg,20.314353023470765,0.8092118593392102
ESY0359993__X22__Y12.jpg,19.024296339055105,0.7775482735428558
ESY0359993__X22__Y14.jpg,19.8673905929429,0.7512351932817563
ESY0359993__X22__Y16.jpg,20.20867470321345,0.7848827823595486
ESY0359993__X22__Y18.jpg,18.808206305632215,0.7355363595525272
ESY0359993__X22__Y1A.jpg,18.713607718527793,0.7413808905610902
ESY0359993__X22__Y1C.jpg,19.145005077198313,0.7284162493031356
ESY0359993__X22__Y1E.jpg,19.64803131740905,0.7482776850969365
ESY0359993__X22__Y20.jpg,22.177543508662755,0.8114589344537982
ESY0359993__X22__Y22.jpg,18.922945182158756,0.7866488986789214
ESY0359993__X22__Y24.jpg,20.534336177918092,0.7970586400687364
ESY0359993__X22__Y26.jpg,19.954045007792665,0.7804704577269931
ESY0359993__X22__Y28.jpg,17.310886312032242,0.6954431779808418
ESY0359993__X22__Y2A.jpg,20.369605663459783,0.8064653711500976
ESY0359993__X22__Y2C.jpg,22.313680574018875,0.8780186907768596
ESY0359993__X22__Y2E.jpg,19.028421032000477,0.8040572572882644
ESY0359993__X22__Y30.jpg,21.724978746224064,0.8501472970531042
ESY0359993__X22__Y32.jpg,20.89930195752697,0.8127959879673461
ESY0359993__X22__Y34.jpg,19.196367534325073,0.765631530704086
ESY0359993__X22__Y36.jpg,18.40528214867109,0.6953709388477282
ESY0359993__X22__Y38.jpg,21.10238622360642,0.7862126449185863
ESY0359993__X22__Y3A.jpg,16.422428271722,0.6623458795993991
ESY0359993__X22__Y3C.jpg,20.88635311653478,0.8225103084456108
ESY0359993__X22__Y3E.jpg,24.450315931048966,0.9084296578159733
ESY0359993__X22__Y40.jpg,23.052765544953676,0.9117559801423115
ESY0359993__X22__Y42.jpg,21.552353392697743,0.8660407617743519
ESY0359993__X22__Y44.jpg,26.68522205948033,0.9457229671170089
ESY0359993__X22__Y46.jpg,31.706361322396653,0.9695421811461798
ESY0359993__X24__Y06.jpg,32.71336534775,0.9153968895059943
ESY0359993__X24__Y08.jpg,34.14829886797524,0.9634995128809284
ESY0359993__X24__Y0A.jpg,21.137734588328353,0.8667049384581861
ESY0359993__X24__Y0C.jpg,21.19977791627115,0.8488902353317902
ESY0359993__X24__Y0E.jpg,19.29436441449853,0.7655074090270511
ESY0359993__X24__Y10.jpg,20.46799516083313,0.7966346287638449
ESY0359993__X24__Y12.jpg,22.170109432794376,0.8651091273424368
ESY0359993__X24__Y14.jpg,21.810400564674183,0.866753390788502
ESY0359993__X24__Y16.jpg,18.95988396122994,0.7742504879380727
ESY0359993__X24__Y18.jpg,21.750662926344788,0.8649202840108742
ESY0359993__X24__Y1A.jpg,23.148150917498743,0.9182224915196364
ESY0359993__X24__Y1C.jpg,21.48133432728023,0.8606556420407847
ESY0359993__X24__Y1E.jpg,19.300193415308744,0.7743627375771454
ESY0359993__X24__Y20.jpg,23.700693144256828,0.8919898939024834
ESY0359993__X24__Y22.jpg,23.785605485403792,0.8563179159738936
ESY0359993__X24__Y24.jpg,22.85727398579343,0.8755647160104678
ESY0359993__X24__Y26.jpg,19.236297463868368,0.7603499693133781
ESY0359993__X24__Y28.jpg,21.96951312312021,0.7954436514493957
ESY0359993__X24__Y2A.jpg,20.409440398052627,0.7713753015401915
ESY0359993__X24__Y2C.jpg,19.687632791350683,0.7688940418297606
ESY0359993__X24__Y2E.jpg,18.75284215019222,0.7623706057503509
ESY0359993__X24__Y30.jpg,22.08707617244865,0.8104592530686662
ESY0359993__X24__Y32.jpg,20.92792305312117,0.8377765592825183
ESY0359993__X24__Y34.jpg,19.952629150263853,0.7702968699550045
ESY0359993__X24__Y36.jpg,24.896275516624165,0.8872735833121554
ESY0359993__X24__Y38.jpg,20.7121062455288,0.8232640133093112
ESY0359993__X24__Y3A.jpg,20.685484604838862,0.7745125378948533
ESY0359993__X24__Y3C.jpg,20.446462855572385,0.748060673746667
ESY0359993__X24__Y3E.jpg,20.665349099525695,0.7650905176849585
ESY0359993__X24__Y40.jpg,24.57261878116864,0.9414242492467714
ESY0359993__X24__Y42.jpg,20.732441840490218,0.8017326302790396
ESY0359993__X24__Y44.jpg,24.588892582048434,0.9125470748669658
ESY0359993__X24__Y46.jpg,32.50417385054631,0.9673822541864574
ESY0359993__X26__Y08.jpg,32.71066083250799,0.9717203209272658
ESY0359993__X26__Y0A.jpg,23.25981464270467,0.8608217111291201
ESY0359993__X26__Y0C.jpg,22.298197284815874,0.8242209476554483
ESY0359993__X26__Y0E.jpg,19.963740906737446,0.8156704590490488
ESY0359993__X26__Y10.jpg,21.158695782242702,0.8638231644845237
ESY0359993__X26__Y12.jpg,20.50915061554294,0.7818483366770342
ESY0359993__X26__Y14.jpg,20.667876009667452,0.7707974372085855
ESY0359993__X26__Y16.jpg,20.005012615750232,0.7747353605812726
ESY0359993__X26__Y18.jpg,20.76140089335091,0.8108578551745694
ESY0359993__X26__Y1A.jpg,19.039129561598983,0.700820270512938
ESY0359993__X26__Y1C.jpg,21.872626925502733,0.885946140280696
ESY0359993__X26__Y1E.jpg,19.750572950475846,0.7609698164520384
ESY0359993__X26__Y20.jpg,19.192164041717046,0.7784948442930304
ESY0359993__X26__Y22.jpg,21.434416338680926,0.796805740848168
ESY0359993__X26__Y24.jpg,20.246089367895376,0.7960891852702962
ESY0359993__X26__Y26.jpg,20.192622581558958,0.8368143319547661
ESY0359993__X26__Y28.jpg,18.372196370743435,0.7457383207077372
ESY0359993__X26__Y2A.jpg,22.149489486546585,0.8145314522228447
ESY0359993__X26__Y2C.jpg,19.95412167761991,0.7594155240610347
ESY0359993__X26__Y2E.jpg,21.964583226877924,0.8334627154791997
ESY0359993__X26__Y30.jpg,20.287322632507994,0.7800170783933846
ESY0359993__X26__Y32.jpg,23.857384528400356,0.8716112973036004
ESY0359993__X26__Y34.jpg,20.061752955784378,0.8125478151871953
ESY0359993__X26__Y36.jpg,17.537342549413516,0.7244756671495489
ESY0359993__X26__Y38.jpg,22.268592604936327,0.8193370658771321
ESY0359993__X26__Y3A.jpg,22.888934182457803,0.8948924747237277
ESY0359993__X26__Y3C.jpg,23.257270742978143,0.8774361284328582
ESY0359993__X26__Y3E.jpg,22.46465086095892,0.8571123235689991
ESY0359993__X26__Y40.jpg,20.67734256371719,0.8214646254042831
ESY0359993__X26__Y42.jpg,24.99892669000141,0.917120483018139
ESY0359993__X26__Y44.jpg,26.912072352420328,0.9189725624155153
ESY0359993__X26__Y46.jpg,32.499124937512505,0.9712996631617199
ESY0359993__X28__Y06.jpg,32.555824055381315,0.92374631961321
ESY0359993__X28__Y08.jpg,33.07466296725633,0.9676855209393204
ESY0359993__X28__Y0A.jpg,26.62937738238368,0.9184856482045826
ESY0359993__X28__Y0C.jpg,20.3819265103971,0.8073165209850457
ESY0359993__X28__Y0E.jpg,21.038002012099568,0.8084470119058599
ESY0359993__X28__Y10.jpg,22.692794980957625,0.8447825470449034
ESY0359993__X28__Y12.jpg,21.1351938991254,0.857733439566054
ESY0359993__X28__Y14.jpg,18.483115322823082,0.7921357253684113
ESY0359993__X28__Y16.jpg,19.298814390428863,0.7355551612066289
ESY0359993__X28__Y18.jpg,18.94456386283821,0.8304060892332013
ESY0359993__X28__Y1A.jpg,20.824443594584213,0.8508300749662362
ESY0359993__X28__Y1C.jpg,20.58744567028873,0.7954361513725177
ESY0359993__X28__Y1E.jpg,21.426116577347948,0.8786993936517362
ESY0359993__X28__Y20.jpg,20.084900118046704,0.8226361022139329
ESY0359993__X28__Y22.jpg,20.92467687870641,0.7704333940542609
ESY0359993__X28__Y24.jpg,21.768228757502722,0.8520558984904258
ESY0359993__X28__Y26.jpg,18.29141697082566,0.6830516317138311
ESY0359993__X28__Y28.jpg,20.339280671392068,0.7577786319157639
ESY0359993__X28__Y2A.jpg,22.86084841836166,0.8185714460967802
ESY0359993__X28__Y2C.jpg,25.59203058685018,0.917805682044407
ESY0359993__X28__Y2E.jpg,20.668858788412233,0.8300825001346569
ESY0359993__X28__Y30.jpg,25.41704136696307,0.8932896270570175
ESY0359993__X28__Y32.jpg,20.66126653779008,0.7335822270315012
ESY0359993__X28__Y34.jpg,19.707633705888924,0.7851307865970386
ESY0359993__X28__Y36.jpg,20.572759684601497,0.7904039015577057
ESY0359993__X28__Y38.jpg,21.86634826214016,0.8587598680547346
ESY0359993__X28__Y3A.jpg,19.183746460246635,0.7578764784186308
ESY0359993__X28__Y3C.jpg,22.842725631860024,0.841438875548186
ESY0359993__X28__Y3E.jpg,20.51425531975895,0.7741999837756788
ESY0359993__X28__Y40.jpg,29.67288222645302,0.9431752015464185
ESY0359993__X28__Y42.jpg,23.440829813256883,0.8819133150118966
ESY0359993__X28__Y44.jpg,26.947664742254098,0.9074969476297251
ESY0359993__X28__Y46.jpg,33.06569396719122,0.9715768974552121
ESY0359993__X2A__Y0A.jpg,31.683957644954234,0.9579827322627862
ESY0359993__X2A__Y0C.jpg,23.82359435416372,0.8479678019407201
ESY0359993__X2A__Y0E.jpg,19.57170555248681,0.8275018799137289
ESY0359993__X2A__Y10.jpg,18.688686573403757,0.8287657178606336
ESY0359993__X2A__Y12.jpg,23.16969128308397,0.8890312356760751
ESY0359993__X2A__Y14.jpg,21.41884554539213,0.829774249273649
ESY0359993__X2A__Y16.jpg,22.122647768987576,0.8392244622206307
ESY0359993__X2A__Y18.jpg,19.75729733092225,0.8179117678067881
ESY0359993__X2A__Y1A.jpg,20.086388224979995,0.8300737664706526
ESY0359993__X2A__Y1C.jpg,21.281275804635516,0.7469899861695843
ESY0359993__X2A__Y1E.jpg,22.185272679490822,0.8518361099337198
ESY0359993__X2A__Y20.jpg,20.377321520296654,0.8271476188296599
ESY0359993__X2A__Y22.jpg,21.773616918128496,0.89898776546456
ESY0359993__X2A__Y24.jpg,19.46177643254685,0.7093783096607897
ESY0359993__X2A__Y26.jpg,23.99340333987325,0.8926265330371779
ESY0359993__X2A__Y28.jpg,20.934690000480614,0.8055535772642723
ESY0359993__X2A__Y2A.jpg,21.185291112944284,0.7918503798068728
ESY0359993__X2A__Y2C.jpg,24.19166766681979,0.8946766774243464
ESY0359993__X2A__Y2E.jpg,21.832794314497065,0.799866459467454
ESY0359993__X2A__Y30.jpg,21.93108963089067,0.8463980165590049
ESY0359993__X2A__Y32.jpg,22.964064000359485,0.8804108859068904
ESY0359993__X2A__Y34.jpg,18.507568756859502,0.7978082583351168
ESY0359993__X2A__Y36.jpg,20.24879193527549,0.7984175501073841
ESY0359993__X2A__Y38.jpg,21.041206868984666,0.8339378295791158
ESY0359993__X2A__Y3A.jpg,19.645839777883907,0.7980769871923677
ESY0359993__X2A__Y3C.jpg,21.004233216005545,0.7452824576435024
ESY0359993__X2A__Y3E.jpg,22.072865883341954,0.8483690326287868
ESY0359993__X2A__Y40.jpg,22.65446392351642,0.8962950432108381
ESY0359993__X2A__Y42.jpg,25.604009395940803,0.9080718703882855
ESY0359993__X2A__Y44.jpg,22.239922623187066,0.9174365835042853
ESY0359993__X2A__Y46.jpg,31.82874013381784,0.9642532548707093
ESY0359993__X2C__Y08.jpg,33.34461006305014,0.9653137234919853
ESY0359993__X2C__Y0A.jpg,34.597779032742686,0.9529171786369137
ESY0359993__X2C__Y0C.jpg,27.654895102218113,0.9416910796381378
ESY0359993__X2C__Y0E.jpg,22.99026195244067,0.8653842829067983
ESY0359993__X2C__Y10.jpg,21.339483799285873,0.8712758070405557
ESY0359993__X2C__Y12.jpg,20.53187129228187,0.8285951629316027
ESY0359993__X2C__Y14.jpg,18.109141991048606,0.7836622043523778
ESY0359993__X2C__Y16.jpg,21.190100349879614,0.8485131930784219
ESY0359993__X2C__Y18.jpg,22.737891731234953,0.8542441587716609
ESY0359993__X2C__Y1A.jpg,21.74451700536175,0.8287528623669242
ESY0359993__X2C__Y1C.jpg,19.667136542918424,0.8589925559961353
ESY0359993__X2C__Y1E.jpg,22.70694967221449,0.8782677989454954
ESY0359993__X2C__Y20.jpg,18.535611050799634,0.7233287511213495
ESY0359993__X2C__Y22.jpg,21.801278797491918,0.8490071991348007
ESY0359993__X2C__Y24.jpg,23.627304795794405,0.8979491020731502
ESY0359993__X2C__Y26.jpg,20.046618053104154,0.7677079601516453
ESY0359993__X2C__Y28.jpg,18.320428286497734,0.720802853487076
ESY0359993__X2C__Y2A.jpg,20.442546593603055,0.7860596677967521
ESY0359993__X2C__Y2C.jpg,22.51017043951523,0.8590412894082453
ESY0359993__X2C__Y2E.jpg,20.044589144223952,0.8206324132037459
ESY0359993__X2C__Y30.jpg,23.77352180677631,0.8985879115963858
ESY0359993__X2C__Y32.jpg,21.196742369526646,0.8097778703711989
ESY0359993__X2C__Y34.jpg,21.242292255333158,0.8401484325431586
ESY0359993__X2C__Y36.jpg,21.61893293490322,0.8213369077076574
ESY0359993__X2C__Y38.jpg,23.09754393227109,0.8724808250490534
ESY0359993__X2C__Y3A.jpg,22.161465914079564,0.816470234282286
ESY0359993__X2C__Y3C.jpg,22.00100768181622,0.8242290993116689
ESY0359993__X2C__Y3E.jpg,22.17787581191967,0.8300255996849365
ESY0359993__X2C__Y40.jpg,21.3966846492835,0.8789039882411273
ESY0359993__X2C__Y42.jpg,21.521813760329177,0.8164280102975936
ESY0359993__X2C__Y44.jpg,33.06451612985141,0.971213030801376
ESY0359993__X2C__Y46.jpg,32.36955203281478,0.9703611532620005
ESY0359993__X2E__Y08.jpg,32.90043408660113,0.966090869110591
ESY0359993__X2E__Y0A.jpg,33.2216018424183,0.9657710189047229
ESY0359993__X2E__Y0C.jpg,28.864476094942248,0.9154205428772655
ESY0359993__X2E__Y0E.jpg,20.775171883209257,0.8544445762663379
ESY0359993__X2E__Y10.jpg,22.318709445065494,0.8727166227902602
ESY0359993__X2E__Y12.jpg,21.505608117798197,0.8401275351679903
ESY0359993__X2E__Y14.jpg,21.698576556442276,0.8632211190091305
ESY0359993__X2E__Y16.jpg,18.970276439849126,0.754367296502143
ESY0359993__X2E__Y18.jpg,18.29854382240442,0.6820742119415439
ESY0359993__X2E__Y1A.jpg,20.458423195229134,0.8449798406737743
ESY0359993__X2E__Y1C.jpg,23.204839359349137,0.9234022543870678
ESY0359993__X2E__Y1E.jpg,22.05502878283831,0.8893394487626441
ESY0359993__X2E__Y20.jpg,22.233903128872775,0.8138489049824789
ESY0359993__X2E__Y22.jpg,18.510622296000896,0.7716525354648464
ESY0359993__X2E__Y24.jpg,18.939218231018067,0.7975440356105955
ESY0359993__X2E__Y26.jpg,22.226180964946455,0.864466137394013
ESY0359993__X2E__Y28.jpg,20.580088020430324,0.769632678330665
ESY0359993__X2E__Y2A.jpg,18.749662030839392,0.6773925570869211
ESY0359993__X2E__Y2C.jpg,20.593196012893053,0.7986505417300235
ESY0359993__X2E__Y2E.jpg,22.302790571075324,0.8447789795575401
ESY0359993__X2E__Y30.jpg,21.67091051429783,0.8021864802326494
ESY0359993__X2E__Y32.jpg,21.988497320926157,0.790828795104783
ESY0359993__X2E__Y34.jpg,22.548771838862294,0.8506918706941163
ESY0359993__X2E__Y36.jpg,18.75706635732195,0.7012930943692333
ESY0359993__X2E__Y38.jpg,21.401709996900045,0.7815935839198836
ESY0359993__X2E__Y3A.jpg,19.015268754750675,0.7290471061673428
ESY0359993__X2E__Y3C.jpg,20.532536867142134,0.8308662491315739
ESY0359993__X2E__Y3E.jpg,23.66949952076459,0.869975762807275
ESY0359993__X2E__Y40.jpg,24.426441076493425,0.9171847511635163
ESY0359993__X2E__Y42.jpg,21.762551709937938,0.8634880720335113
ESY0359993__X2E__Y44.jpg,31.611877695295597,0.9698480990957999
ESY0359993__X2E__Y46.jpg,32.05013515170859,0.9711764199551558
ESY0359993__X30__Y08.jpg,33.10530075438262,0.9683551090587504
ESY0359993__X30__Y0A.jpg,32.840232410401704,0.9626272627552256
ESY0359993__X30__Y0C.jpg,30.653502094814506,0.9546492589428612
ESY0359993__X30__Y0E.jpg,29.39477920285305,0.9526490759312638
ESY0359993__X30__Y10.jpg,18.682269221250127,0.8298958330151261
ESY0359993__X30__Y12.jpg,18.30833973747628,0.808470976884743
ESY0359993__X30__Y14.jpg,22.815469352547318,0.9231619981581681
ESY0359993__X30__Y16.jpg,18.08230329369056,0.8148188190961138
ESY0359993__X30__Y18.jpg,16.66782380920778,0.719472763083922
ESY0359993__X30__Y1A.jpg,17.64105587229102,0.7289785759259665
ESY0359993__X30__Y1C.jpg,16.9839666385562,0.7594402056713723
ESY0359993__X30__Y1E.jpg,15.3802777844319,0.6692765160045785
ESY0359993__X30__Y20.jpg,19.316941968857623,0.7727851162087361
ESY0359993__X30__Y22.jpg,18.750631181884884,0.7824507841801956
ESY0359993__X30__Y24.jpg,17.069316747981457,0.8091706507100787
ESY0359993__X30__Y26.jpg,15.054081085381041,0.7113536324091954
ESY0359993__X30__Y28.jpg,17.434962152820084,0.7483379929237802
ESY0359993__X30__Y2A.jpg,19.360991781777596,0.7643947544301628
ESY0359993__X30__Y2C.jpg,15.191665874051667,0.6278162117625508
ESY0359993__X30__Y2E.jpg,20.123907988216207,0.8603894792059609
ESY0359993__X30__Y30.jpg,15.978726195358572,0.7242680989586734
ESY0359993__X30__Y32.jpg,15.63728502635504,0.6587139348383622
ESY0359993__X30__Y34.jpg,15.673082625469414,0.6504946970993243
ESY0359993__X30__Y36.jpg,18.08915297020529,0.7273707111699621
ESY0359993__X30__Y38.jpg,16.90792103358161,0.7097931403687829
ESY0359993__X30__Y3A.jpg,16.325326409856533,0.7150529204689448
ESY0359993__X30__Y3C.jpg,18.457420849816916,0.7949136961750422
ESY0359993__X30__Y3E.jpg,18.412138153860738,0.851289580949308
ESY0359993__X30__Y40.jpg,19.349468701033583,0.7904276990710221
ESY0359993__X30__Y42.jpg,32.86797636906871,0.9571919719622146
ESY0359993__X30__Y44.jpg,25.266017610646333,0.9205417328604188
ESY0359993__X30__Y46.jpg,29.605468022861494,0.9684281632251508
ESY0359993__X32__Y06.jpg,34.06969608420318,0.9667105730054445
ESY0359993__X32__Y0A.jpg,33.251531138179416,0.9668212029932731
ESY0359993__X32__Y0C.jpg,33.831324780668275,0.9737260890173608
ESY0359993__X32__Y0E.jpg,25.375439150610696,0.913522650260952
ESY0359993__X32__Y10.jpg,24.337133460136467,0.8886003547881913
ESY0359993__X32__Y12.jpg,20.833844146895586,0.8667718379008651
ESY0359993__X32__Y14.jpg,20.44928160218307,0.818787185581323
ESY0359993__X32__Y16.jpg,17.511696893013276,0.7222362140037047
ESY0359993__X32__Y18.jpg,21.859204474839306,0.859199952020385
ESY0359993__X32__Y1A.jpg,24.240541748318787,0.8716973827744877
ESY0359993__X32__Y1C.jpg,21.70178156048881,0.882942511357607
ESY0359993__X32__Y1E.jpg,21.854610719000203,0.8516010705018398
ESY0359993__X32__Y20.jpg,18.642011987515914,0.7913629903883941
ESY0359993__X32__Y22.jpg,18.758905917053085,0.7616212720244034
ESY0359993__X32__Y24.jpg,17.970587763576624,0.7490533804391535
ESY0359993__X32__Y26.jpg,19.429333127082867,0.7146372584990475
ESY0359993__X32__Y28.jpg,21.611843137297186,0.8532750705830121
ESY0359993__X32__Y2A.jpg,19.342758137359226,0.75292683133062
ESY0359993__X32__Y2C.jpg,17.23681223486962,0.6692725580408755
ESY0359993__X32__Y2E.jpg,20.10533920411627,0.8075392490303801
ESY0359993__X32__Y30.jpg,20.089080928744725,0.8027866646007932
ESY0359993__X32__Y32.jpg,21.811553376546247,0.8451602380975363
ESY0359993__X32__Y34.jpg,17.123880529020564,0.6357006719178455
ESY0359993__X32__Y36.jpg,23.315654795609248,0.8755037127827089
ESY0359993__X32__Y38.jpg,19.569620162390073,0.7828324100778731
ESY0359993__X32__Y3A.jpg,21.13513563808948,0.8296183043671372
ESY0359993__X32__Y3C.jpg,20.486318130722374,0.7649646249164684
ESY0359993__X32__Y3E.jpg,19.465873141347995,0.7905888655965806
ESY0359993__X32__Y40.jpg,29.16078976553426,0.9253656557037768
ESY0359993__X32__Y42.jpg,30.684365349948916,0.9734491735829015
ESY0359993__X32__Y44.jpg,31.83762868216496,0.9696406293273683
ESY0359993__X32__Y46.jpg,32.40717004905879,0.9715061647524282
ESY0359993__X34__Y0A.jpg,33.618118529254964,0.9686776361493687
ESY0359993__X34__Y0C.jpg,32.26202746840555,0.9707856555273654
ESY0359993__X34__Y0E.jpg,32.5067885985352,0.9714384775987899
ESY0359993__X34__Y10.jpg,22.01708019844105,0.8862704069353734
ESY0359993__X34__Y12.jpg,30.027735728971294,0.9462309668547668
ESY0359993__X34__Y14.jpg,24.576877060045742,0.8949282241630803
ESY0359993__X34__Y16.jpg,24.287972126231054,0.9165350064486145
ESY0359993__X34__Y18.jpg,18.212978000913466,0.7576318661415834
ESY0359993__X34__Y1A.jpg,19.99541178255263,0.7925411975501233
ESY0359993__X34__Y1C.jpg,23.67884720810551,0.8880062454083871
ESY0359993__X34__Y1E.jpg,23.001404360635973,0.9066337108801136
ESY0359993__X34__Y20.jpg,23.101375518021456,0.8928220455504503
ESY0359993__X34__Y22.jpg,21.66874363524623,0.858286828008311
ESY0359993__X34__Y24.jpg,19.709993496966764,0.7892568905504369
ESY0359993__X34__Y26.jpg,23.083848706990317,0.8837099597645909
ESY0359993__X34__Y28.jpg,21.47918563831041,0.7372292009550815
ESY0359993__X34__Y2A.jpg,19.455509511625753,0.8127624016888487
ESY0359993__X34__Y2C.jpg,19.69555694090821,0.7676470545278808
ESY0359993__X34__Y2E.jpg,21.53492603778833,0.8138654542387067
ESY0359993__X34__Y30.jpg,20.14036906203769,0.8210515324468219
ESY0359993__X34__Y32.jpg,19.370576692279855,0.7834141256867587
ESY0359993__X34__Y34.jpg,18.4830760710951,0.8060546238892602
ESY0359993__X34__Y36.jpg,20.362505598057858,0.8335074723344934
ESY0359993__X34__Y38.jpg,19.296348182172988,0.7204610273041322
ESY0359993__X34__Y3A.jpg,19.222666863410126,0.7260602589239403
ESY0359993__X34__Y3C.jpg,25.483129028679365,0.9222767507445099
ESY0359993__X34__Y3E.jpg,28.681316353166423,0.9416295435440805
ESY0359993__X34__Y40.jpg,32.76648694565955,0.9735491809212603
ESY0359993__X34__Y42.jpg,32.305437752168885,0.9708913240863724
ESY0359993__X34__Y44.jpg,30.783043385050206,0.9696037462880461
ESY0359993__X36__Y08.jpg,29.43565713395421,0.9542324292244758
ESY0359993__X36__Y0C.jpg,32.36833217789248,0.9636363822522706
ESY0359993__X36__Y0E.jpg,32.6932986851638,0.9712529709963984
ESY0359993__X36__Y10.jpg,31.996901874241168,0.9715254118427628
ESY0359993__X36__Y12.jpg,23.51120512133324,0.8971467732573526
ESY0359993__X36__Y14.jpg,23.296900117044352,0.8930258839859782
ESY0359993__X36__Y16.jpg,19.767542493550714,0.815167353520394
ESY0359993__X36__Y18.jpg,21.601638923153963,0.8517929275201976
ESY0359993__X36__Y1A.jpg,20.836119380856353,0.8593943222124786
ESY0359993__X36__Y1C.jpg,18.756532771538016,0.7596399978404857
ESY0359993__X36__Y1E.jpg,19.524377504235183,0.770414730848562
ESY0359993__X36__Y20.jpg,19.72973040245937,0.7942847049643017
ESY0359993__X36__Y22.jpg,23.21356872482911,0.8646493292059444
ESY0359993__X36__Y24.jpg,24.111204420285617,0.8935627152255937
ESY0359993__X36__Y26.jpg,21.310378356035585,0.8534669882429264
ESY0359993__X36__Y28.jpg,20.290203374992437,0.8214028150667986
ESY0359993__X36__Y2A.jpg,20.601741967803285,0.7891799798256013
ESY0359993__X36__Y2C.jpg,22.079853038144485,0.8423328063385229
ESY0359993__X36__Y2E.jpg,20.709772613540775,0.7775903785372817
ESY0359993__X36__Y30.jpg,21.204881160002852,0.862118710447614
ESY0359993__X36__Y32.jpg,19.979343483243117,0.7777484985833679
ESY0359993__X36__Y34.jpg,21.709814708738527,0.8693615243788576
ESY0359993__X36__Y36.jpg,20.42064386341311,0.8350016920264177
ESY0359993__X36__Y38.jpg,20.934508679702276,0.8498606022158848
ESY0359993__X36__Y3A.jpg,24.227594628574536,0.8829770988828459
ESY0359993__X36__Y3C.jpg,26.426295054789108,0.9097402969708043
ESY0359993__X36__Y3E.jpg,30.187602359953374,0.9704633743370474
ESY0359993__X36__Y40.jpg,31.545400914553035,0.9679330251512559
ESY0359993__X36__Y44.jpg,32.2865680603336,0.9638674998571097
ESY0359993__X36__Y46.jpg,33.39054573111965,0.9704066400211314
ESY0359993__X38__Y0C.jpg,32.948323612283545,0.9737835948349443
ESY0359993__X38__Y0E.jpg,31.759165723260917,0.9729570846830905
ESY0359993__X38__Y10.jpg,32.298779909048456,0.9712636005819806
ESY0359993__X38__Y12.jpg,26.89167618262544,0.9515153289517436
ESY0359993__X38__Y14.jpg,26.758570872777696,0.9337884561670288
ESY0359993__X38__Y16.jpg,21.558993945556836,0.8792985469926384
ESY0359993__X38__Y18.jpg,27.292102151463826,0.9367006333556469
ESY0359993__X38__Y1A.jpg,26.839156740757492,0.9083330905953773
ESY0359993__X38__Y1C.jpg,23.44986866471927,0.8744432060540516
ESY0359993__X38__Y1E.jpg,25.103129516454086,0.9044658410520929
ESY0359993__X38__Y20.jpg,25.155052166851938,0.923937471835915
ESY0359993__X38__Y22.jpg,21.011786186857265,0.8303331575060318
ESY0359993__X38__Y24.jpg,19.86013964316558,0.7782069539897062
ESY0359993__X38__Y26.jpg,20.940552018486265,0.8026708135930735
ESY0359993__X38__Y28.jpg,19.93936470227198,0.7792372385096361
ESY0359993__X38__Y2A.jpg,19.937612965268947,0.7354000865574448
ESY0359993__X38__Y2C.jpg,22.371402379358795,0.8255804709300735
ESY0359993__X38__Y2E.jpg,19.931524977194243,0.7888345321122373
ESY0359993__X38__Y30.jpg,17.978218761103776,0.7431962671372073
ESY0359993__X38__Y32.jpg,22.037317181447307,0.8374023992291877
ESY0359993__X38__Y34.jpg,25.232702084898126,0.9160247654380975
ESY0359993__X38__Y36.jpg,22.897988994834737,0.8884444680027546
ESY0359993__X38__Y38.jpg,26.147802668636594,0.896355925534487
ESY0359993__X38__Y3A.jpg,28.12558116679401,0.9440104851807547
ESY0359993__X38__Y3C.jpg,28.564458424999746,0.9542494901414331
ESY0359993__X38__Y3E.jpg,32.08876990494035,0.9713485345538372
ESY0359993__X38__Y40.jpg,31.08159982476579,0.9704604612563233
ESY0359993__X38__Y46.jpg,32.583501902714225,0.9584588019282655
ESY0359993__X3A__Y08.jpg,34.40820523208854,0.9623127849024495
ESY0359993__X3A__Y0A.jpg,31.54629923510545,0.9612705634637912
ESY0359993__X3A__Y0E.jpg,32.236839106622426,0.9722247377789317
ESY0359993__X3A__Y10.jpg,32.45344374919402,0.9693642181816534
ESY0359993__X3A__Y12.jpg,33.51965358147859,0.9701742052620412
ESY0359993__X3A__Y14.jpg,34.09650493678415,0.9685309630398369
ESY0359993__X3A__Y16.jpg,26.5329085303458,0.9202459473413614
ESY0359993__X3A__Y18.jpg,23.69700213618534,0.9049669019147153
ESY0359993__X3A__Y1A.jpg,21.413994340431977,0.8483098511570724
ESY0359993__X3A__Y1C.jpg,24.303488354956077,0.9009914153236827
ESY0359993__X3A__Y1E.jpg,23.536888582147025,0.8868630191242028
ESY0359993__X3A__Y20.jpg,23.74079283612282,0.8771645690171553
ESY0359993__X3A__Y22.jpg,24.286180647603736,0.8994200991592466
ESY0359993__X3A__Y24.jpg,24.297820440989476,0.8859370494735936
ESY0359993__X3A__Y26.jpg,24.925366158449606,0.8985640824134533
ESY0359993__X3A__Y28.jpg,27.15077074727409,0.8983696048954976
ESY0359993__X3A__Y2A.jpg,24.6103720602246,0.8408691338069917
ESY0359993__X3A__Y2C.jpg,22.171652683891992,0.8751839029804285
ESY0359993__X3A__Y2E.jpg,22.688108164026048,0.8444546001313359
ESY0359993__X3A__Y30.jpg,19.7609021071716,0.8033034030528543
ESY0359993__X3A__Y32.jpg,23.31307447098301,0.845069454590102
ESY0359993__X3A__Y34.jpg,22.841213579324553,0.9092233464708539
ESY0359993__X3A__Y36.jpg,32.38296685878686,0.8905545312712265
ESY0359993__X3A__Y38.jpg,28.953089282431105,0.9499197174252801
ESY0359993__X3A__Y3A.jpg,32.75945305825263,0.9713882459909234
ESY0359993__X3A__Y3C.jpg,32.333338599738056,0.9672380151255565
ESY0359993__X3A__Y3E.jpg,32.390155627866804,0.9696372230345504
ESY0359993__X3A__Y40.jpg,31.7880891646476,0.9667833863293888
ESY0359993__X3A__Y46.jpg,32.9704141879278,0.9557018587398952
ESY0359993__X3C__Y10.jpg,28.543865750683295,0.9591422394978575
ESY0359993__X3C__Y12.jpg,31.710346717363006,0.970425043381058
ESY0359993__X3C__Y14.jpg,30.400545382877915,0.9665210205176231
ESY0359993__X3C__Y16.jpg,27.37689842126214,0.9417744931557156
ESY0359993__X3C__Y18.jpg,33.58342807366517,0.9591385112023144
ESY0359993__X3C__Y1A.jpg,31.551262516456692,0.935158807563423
ESY0359993__X3C__Y1C.jpg,33.44100053272562,0.9495355873801463
ESY0359993__X3C__Y1E.jpg,23.80816746468295,0.8854500256752262
ESY0359993__X3C__Y20.jpg,23.001178907525954,0.876393583763803
ESY0359993__X3C__Y22.jpg,18.546292982418827,0.7184926812052594
ESY0359993__X3C__Y24.jpg,22.90134800138545,0.8533083722390291
ESY0359993__X3C__Y26.jpg,20.93995483607404,0.8222948693460977
ESY0359993__X3C__Y28.jpg,22.164385596572323,0.7648080504455397
ESY0359993__X3C__Y2A.jpg,22.703098138487746,0.8569710244093948
ESY0359993__X3C__Y2C.jpg,27.8880616518564,0.9283777622793948
ESY0359993__X3C__Y2E.jpg,24.295817007213923,0.9163779797814764
ESY0359993__X3C__Y30.jpg,24.57967639182723,0.8850338670389597
ESY0359993__X3C__Y32.jpg,29.350777304330112,0.9381086858135066
ESY0359993__X3C__Y34.jpg,28.983041612102678,0.9550682072544515
ESY0359993__X3C__Y36.jpg,32.16760994907689,0.965816714371278
ESY0359993__X3C__Y38.jpg,32.66868244199901,0.9645792971376348
ESY0359993__X3C__Y3C.jpg,32.49908560415418,0.9712450082997678
ESY0359993__X3C__Y3E.jpg,32.86751359096387,0.9651762012054503
ESY0359993__X3C__Y40.jpg,32.77468731407395,0.9678320393197669
ESY0359993__X3C__Y44.jpg,32.94361410680557,0.9728026678174944
ESY0359993__X3E__Y0C.jpg,30.509564290707036,0.9485487346474278
ESY0359993__X3E__Y12.jpg,33.34077461079928,0.9711722183668361
ESY0359993__X3E__Y14.jpg,32.29991090103561,0.9613474321100752
ESY0359993__X3E__Y16.jpg,25.20895446886609,0.9454120651157325
ESY0359993__X3E__Y1C.jpg,25.018558267284035,0.9373864638578985
ESY0359993__X3E__Y1E.jpg,26.975933936795506,0.9456451296092588
ESY0359993__X3E__Y20.jpg,26.799992998088157,0.9399217252393985
ESY0359993__X3E__Y22.jpg,24.428033552216526,0.907664584765194
ESY0359993__X3E__Y24.jpg,21.630469981684335,0.8334880605682538
ESY0359993__X3E__Y26.jpg,26.540270943331763,0.8831700481034218
ESY0359993__X3E__Y28.jpg,33.6373598100304,0.9472617820412036
ESY0359993__X3E__Y2A.jpg,22.97686405832646,0.8888815770288018
ESY0359993__X3E__Y2C.jpg,24.108675345241828,0.872071325984849
ESY0359993__X3E__Y2E.jpg,29.28215050993031,0.9303955662847231
ESY0359993__X3E__Y30.jpg,30.562034491436822,0.9461421627863063
ESY0359993__X3E__Y32.jpg,32.60787875080914,0.9715683734677336
ESY0359993__X3E__Y34.jpg,32.40858345080773,0.9717021051680805
ESY0359993__X3E__Y36.jpg,28.531691598302462,0.9645311709971489
ESY0359993__X3E__Y38.jpg,25.27527946168758,0.9574212729846111
ESY0359993__X3E__Y3A.jpg,32.26214445534623,0.9698205570583772
ESY0359993__X3E__Y3C.jpg,29.467605914568814,0.9694830125146335
ESY0359993__X3E__Y46.jpg,33.56083958515683,0.9497455600985198
ESY0359993__X40__Y1A.jpg,32.88117201470855,0.9707183073386276
ESY0359993__X40__Y1C.jpg,33.07953926474362,0.9726557870236368
ESY0359993__X40__Y1E.jpg,31.595173659872465,0.9685877759036813
ESY0359993__X40__Y22.jpg,28.927401089252214,0.9598413783190171
ESY0359993__X40__Y24.jpg,29.577948768939933,0.958455630769873
ESY0359993__X40__Y26.jpg,28.603542211303225,0.9405133432159898
ESY0359993__X40__Y28.jpg,21.91296426733729,0.8994547318313187
ESY0359993__X40__Y2A.jpg,32.65905604941837,0.9682638562831789
ESY0359993__X40__Y2C.jpg,31.222712296693388,0.9641380069214982
ESY0359993__X40__Y32.jpg,32.29550248210693,0.9705347131655341
ESY0359993__X40__Y34.jpg,31.938593442392225,0.970007083999951
ESY0359993__X40__Y36.jpg,32.611736442387176,0.964675557492837
ESY0359993__X40__Y38.jpg,32.778424475533086,0.968994133235322
ESY0359993__X40__Y44.jpg,33.60284727219153,0.9677732165820001
ESY0359993__X40__Y46.jpg,33.206227619690324,0.9697134445219916
ESY0359993__X42__Y0E.jpg,32.958774811586,0.9715495598404958
ESY0359993__X42__Y18.jpg,29.93419844298108,0.9647794845142771
ESY0359993__X42__Y1A.jpg,31.953397876992284,0.9732311126268245
ESY0359993__X42__Y1C.jpg,34.32358120253325,0.9657385069792459
ESY0359993__X42__Y1E.jpg,32.03208724380245,0.9676419177395696
ESY0359993__X42__Y20.jpg,32.973813663963924,0.9664474609343896
ESY0359993__X42__Y22.jpg,32.862425709227374,0.970800334296275
ESY0359993__X42__Y24.jpg,30.594069052250596,0.9638482015033408
ESY0359993__X42__Y28.jpg,32.023527621145064,0.9669476228800495
ESY0359993__X42__Y2A.jpg,31.94344270079734,0.9699432058256229
ESY0359993__X42__Y2C.jpg,31.99317652036846,0.9630547033432
ESY0359993__X42__Y2E.jpg,32.252256447380226,0.9703362010729575
ESY0359993__X42__Y32.jpg,31.905638058920452,0.9725581035028033
ESY0359993__X42__Y34.jpg,32.03583948953797,0.9666750043021025
ESY0359993__X42__Y36.jpg,32.10729229295961,0.9662654775823118
ESY0359993__X42__Y40.jpg,33.533315522808806,0.9678228442621944
ESY0359993__X42__Y44.jpg,32.82137278797224,0.9735133429864481
ESY0359993__X42__Y46.jpg,33.22981996653776,0.9528204584087062
ESY0359993__X44__Y0E.jpg,32.98072246078579,0.9585460846743679
ESY0359993__X44__Y12.jpg,33.3557856740397,0.9658992309294286
ESY0359993__X44__Y18.jpg,27.122600777025056,0.9580077452072491
ESY0359993__X44__Y1C.jpg,32.01941815919383,0.9634311940644311
ESY0359993__X44__Y1E.jpg,29.413162938506332,0.9564062539677397
ESY0359993__X44__Y20.jpg,33.15620365384764,0.965314805553513
ESY0359993__X44__Y24.jpg,32.02256549437256,0.9630319167896637
ESY0359993__X44__Y26.jpg,31.76143201456513,0.9700346913326163
ESY0359993__X44__Y28.jpg,31.192214804803665,0.9717500183106449
ESY0359993__X44__Y2A.jpg,31.74358380608873,0.9707373812765648
ESY0359993__X44__Y30.jpg,32.81332061564274,0.9677465464894262
ESY0359993__X44__Y34.jpg,31.27878966256798,0.9707126329502087
ESY0359993__X46__Y06.jpg,33.58795759531543,0.960667161855662
ESY0359993__X46__Y08.jpg,33.90263711842839,0.9673001130079669
ESY0359993__X46__Y0C.jpg,34.87891662172586,0.964944365034849
ESY0359993__X46__Y12.jpg,33.941005870154505,0.9677366610370777
ESY0359993__X46__Y14.jpg,33.9487360564451,0.9669593518710436
ESY0359993__X46__Y18.jpg,32.801321270478255,0.9659846264428131
ESY0359993__X46__Y1A.jpg,33.81167052435033,0.9570872428706743
ESY0359993__X46__Y1C.jpg,33.58017912209791,0.9605436969725916
ESY0359993__X46__Y1E.jpg,33.227205276131784,0.9641017388107116
ESY0359993__X46__Y22.jpg,32.841129470678226,0.965976963946546
ESY0359993__X46__Y26.jpg,32.74842382295655,0.9711608970166935
ESY0359993__X46__Y2A.jpg,31.645846642355707,0.964430277703901
ESY0359993__X46__Y36.jpg,33.737578834866454,0.9669043279458648
ESY0359993__X46__Y38.jpg,33.8965484486244,0.9695232112987433
ESY0359993__X46__Y3A.jpg,33.89471794640082,0.9641817065014094
ESY0359993__X46__Y46.jpg,33.62640389945538,0.9673373976162722
